Ilovetoparty@gmail.com,Ilovetoparty@gmail.com,+@[a-zA-Z0-9,KRiley@vmware.com,Keri.Riley@vmware.com,Keri@vmware.com,Keri_Riley@vmware.com.,email@vmware.com,KR.@kohls.com,Keri.R.@kohls.com,Keri@kohls.com,Keri_R.@kohls.com.,email@kohls.com,KRaiber@co.stearns.mn.us,Keri.Raiber@co.stearns.mn.us,Keri@co.stearns.mn.us,Keri_Raiber@co.stearns.mn.us.,email@co.stearns.mn.us,KRak@loyolamedicine.org,Keri.Rak@loyolamedicine.org,Keri@loyolamedicine.org,Keri_Rak@loyolamedicine.org.,email@loyolamedicine.org,RHodges@vmware.com,Robert.Hodges@vmware.com,Robert@vmware.com,Robert_Hodges@vmware.com.,email@vmware.com,EArchibald@vmware.com,Edward.Archibald@vmware.com,Edward@vmware.com,Edward_Archibald@vmware.com.,email@vmware.com,GStorga@vmware.com,Gordon.Storga@vmware.com,Gordon@vmware.com,Gordon_Storga@vmware.com.,email@vmware.com
+@[a-zA-Z0-9,KSeeker@technip.com,Kelly.Seeker@technip.com,Kelly@technip.com,Kelly_Seeker@technip.com.,email@technip.com,KS@trihealth.com,Kelly.S@trihealth.com,Kelly@trihealth.com,Kelly_S@trihealth.com.,email@trihealth.com,KS@georgiapower.com,Kelly.S@georgiapower.com,Kelly@georgiapower.com,Kelly_S@georgiapower.com.,email@georgiapower.com,KKelly@technip.com,Kevin.Kelly@technip.com,Kevin@technip.com,Kevin_Kelly@technip.com.,email@technip.com,TParmentier@technip.com,Thierry.Parmentier@technip.com,Thierry@technip.com,Thierry_Parmentier@technip.com.,email@technip.com,TPilenko@technip.com,Thierry.Pilenko@technip.com,Thierry@technip.com,Thierry_Pilenko@technip.com.,email@technip.com,Sue@RansomTravel.com,Sue@RansomTravel.com,bxrsunil@gmail.com,bxrsunil@gmail.com

universityrecruiting@vmware.com,universityrecruiting@vmware.com,universityrecruiting@vmware.com,universityrecruiting@vmware.com,universityrecruiting@vmware.com,universityrecruiting@vmware.com
support@repdigger.com,support@repdigger.com,support@repdigger.com,support@repdigger.com,support@repdigger.com


support@sydex.net,support@sydex.net,support@sydex.net,support@sydex.net,support@sydex.net,support@sydex.net,support@sydex.net,support@sydex.net,support@sydex.net,support@sydex.net,support@sydex.net,support@sydex.net,support@sydex.net,support@sydex.net,support@sydex.net,support@sydex.net,support@sydex.net,support@sydex.net,support@sydex.net,support@sydex.net,support@sydex.net,support@sydex.net,support@sydex.net,support@sydex.net,support@sydex.net,support@sydex.net,support@sydex.net,scottegloff@sportautomotive.com,scottegloff@sportautomotive.com,support@sydex.net,support@sydex.net,support@sydex.net,support@sydex.net,support@sydex.net,support@sydex.net,support@sydex.net,support@sydex.net,support@sydex.net,support@sydex.net,support@sydex.net,support@sydex.net,support@sydex.net,support@sydex.net,support@sydex.net,support@sydex.net,support@sydex.net,support@sydex.net,support@sydex.net,support@sydex.net


cseyer@semovm.semo.edu,cseyer@semovm.semo.edu,cseyer@semovm.semo.edu,cseyer@semovm.semo.edu,cseyer@semovm.semo.edu,cseyer@semovm.semo.edu,webstaff@hoosiertimes.com,webstaff@hoosiertimes.com,webstaff@hoosiertimes.com,webstaff@hoosiertimes.com,webstaff@hoosiertimes.com,webstaff@hoosiertimes.com,info@jccservices.com,info@jccservices.com,info@jccservices.com,info@jccservices.com,cvandermause@lesspub.com,oholcombe@westerneda.com,cfarmer@westerneda.com,info@jccservices.com,lstanish@purdue.edu,cvandermause@lessitermedia.com,cfarmer@westerneda.com,info@jccservices.com,info@jccservices.com,info@jccservices.com,cvandermause@lesspub.com,oholcombe@westerneda.com,cfarmer@westerneda.com,info@jccservices.com,lstanish@purdue.edu,cvandermause@lessitermedia.com,cfarmer@westerneda.com,info@jccservices.com,info@jccservices.com,info@jccservices.com,info@jccservices.com,cvandermause@lesspub.com,oholcombe@westerneda.com,cfarmer@westerneda.com,info@jccservices.com,lstanish@purdue.edu,cvandermause@lessitermedia.com,cfarmer@westerneda.com
com.zoominfo.component.data.person.Name@38da9d09,Julie.gourley@ngc.com,Julie.Gourley@ngc.com,Julie.Gourley@ngc.com
Icon-60@2x.png,Icon-60@2x.png,Icon-60@3x.png,Icon-76@2x.png,Icon-Small@2x.png,support@lanyrd.com,support@lanyrd.com,support@lanyrd.com,support@lanyrd.com,support@lanyrd.com,support@sydex.net,support@sydex.net,support@sydex.net,support@sydex.net,support@sydex.net,support@sydex.net

krhodes@nasrecruitment.com&quot;,krhodes@nasrecruitment.com&quot;,krhodes@nasrecruitment.com&quot;,krhodes@nasrecruitment.com,krhodes@nasrecruitment.com,krhodes@nasrecruitment.com,white-34px@2x.png,white-34px@2x.png



info@focus-stl.org,info@focus-stl.org,info@focus-stl.org,--@@TELERIK_RAD_CODE_BLOCK_START@@-->,info@focus-stl.org,sitehelp@stltoday.com,sitehelp@stltoday.com,sitehelp@stltoday.com,beckyr@focus-stl.org.,beckyr@focus-stl.org.,sitehelp@stltoday.com,Nomoreliek@gmail.com,Nomoreliek@gmail.com,Nomoreliek@gmail.com,dennisdye1@aol.com

brooke@devonstowe.com,brooke@devonstowe.com,sehaam@devonstowe.com,brooke@devonstowe.com,sehaam@devonstowe.com,brooke@devonstowe.com,brooke@devonstowe.com,brooke@devonstowe.com,sehaam@devonstowe.com,sehaam@devonstowe.com,brooke@devonstowe.com,sehaam@devonstowe.com,support@lanyrd.com,support@lanyrd.com,support@lanyrd.com,support@lanyrd.com,support@lanyrd.com
c21319d0201741f3bc6afa5b4e3a6ede@app.getsentry.com,c21319d0201741f3bc6afa5b4e3a6ede@app.getsentry.com,,spokeo-logo@2x.png,bsgriffin@rainbow-media.com,Brittany.Griffin@usbank.com,email@example.com,email@example.com,person_1@2x.png,person_1@2x.png,person_1@2x-f474004d.png,person_2@2x.png,person_2@2x-6ef1dc6f.png,person_3@2x.png,person_3@2x-add2045c.png,person_4@2x.png,person_4@2x-c14402f2.png,person_5@2x.png,person_5@2x-22b86dfe.png,person_6@2x.png,person_6@2x-42876fe7.png,person_7@2x.png,person_7@2x-03556356.png,person_8@2x.png,person_8@2x-85d598e7.png,person_9@2x.png,person_9@2x-f1d1a775.png
Heard@Brown</a></td>,dpatterson22@wustl.edu,%20d%70%61%74%74%65%72%32@utk.edu,%20d%70%61%74%74%65%72%32@utk.edu,%20d%70%61%74%74%65%72%32@utk.edu,ONLINE@UT</a></li>,32@utk.edu
lizr@ecasavesenergy.org,lizr@ecasavesenergy.org,barbarad@ecasavesenergy.org,thomasf@ecasavesenergy.org,aletar@ecasavesenergy.org,stevel@ecasavesenergy.org,scottc@ecasavesenergy.org,cynthiao@ecasavesenergy.org,lizr@ecasavesenergy.org,barbarad@ecasavesenergy.org,thomasf@ecasavesenergy.org,aletar@ecasavesenergy.org,stevel@ecasavesenergy.org,scottc@ecasavesenergy.org,cynthiao@ecasavesenergy.org,Directorlizr@ecasavesenergy.orgBarbara,Directorlizr@ecasavesenergy.orgBarbara,Officerbarbarad@ecasavesenergy.orgVacancy,Developmentthomasf@ecasavesenergy.orgAleta,Directorlizr@ecasavesenergy.orgBarbara,Officerbarbarad@ecasavesenergy.orgVacancy,Developmentthomasf@ecasavesenergy.orgAleta,lizr@ecasavesenergy.org,lizr@ecasavesenergy.org,barbarad@ecasavesenergy.org,barbarad@ecasavesenergy.org,thomasf@ecasavesenergy.org,thomasf@ecasavesenergy.org,aletar@ecasavesenergy.org,aletar@ecasavesenergy.org,stevel@ecasavesenergy.org,stevel@ecasavesenergy.org,scottc@ecasavesenergy.org,scottc@ecasavesenergy.org,cynthiao@ecasavesenergy.org,cynthiao@ecasavesenergy.org
com.zoominfo.component.data.person.Name@4350cf46,jenny_green@baylorschool.org
+@[a-zA-Z0-9,BOnukwube@conocophillips.com,Ben.Onukwube@conocophillips.com,Ben@conocophillips.com,Ben_Onukwube@conocophillips.com.,email@conocophillips.com,brien@statefarm.com,brien@statefarm.com,Ben@statefarm.com,brien@statefarm.com.,email@statefarm.com,brien@deltachi.org,brien@deltachi.org,Ben@deltachi.org,brien@deltachi.org.,email@deltachi.org,clair@senior-systems.com,clair@senior-systems.com,Ben@senior-systems.com,clair@senior-systems.com.,email@senior-systems.com,RLance@conocophillips.com,Ryan.Lance@conocophillips.com,Ryan@conocophillips.com,Ryan_Lance@conocophillips.com.,email@conocophillips.com,AHirshberg@conocophillips.com,Al.Hirshberg@conocophillips.com,Al@conocophillips.com,Al_Hirshberg@conocophillips.com.,email@conocophillips.com,JSheets@conocophillips.com,Jeff.Sheets@conocophillips.com,Jeff@conocophillips.com,Jeff_Sheets@conocophillips.com.,email@conocophillips.com,tic@uark.edu,tic@uark.edu,tic@uark.edu,tic@uark.edu,tic@uark.edu,tic@uark.edu,support@sydex.net,support@sydex.net,support@sydex.net,support@sydex.net,support@sydex.net,support@sydex.net
support@sydex.net,support@sydex.net,support@sydex.net,support@sydex.net,support@sydex.net,support@sydex.net,Wolfgang.Sadee@osumc.edu,Wolfgang.Sadee@osumc.edu,Wolfgang.Sadee@osumc.edu,Wolfgang.Sadee@osumc.edu,Wolfgang.Sadee@osumc.edu,Wolfgang.Sadee@osumc.edu


+@[a-zA-Z0-9,VRainwater@amazon.com,Vena.Rainwater@amazon.com,Vena@amazon.com,Vena_Rainwater@amazon.com.,email@amazon.com,VRoongruangyot@fiserv.com,Vena.Roongruangyot@fiserv.com,Vena@fiserv.com,Vena_Roongruangyot@fiserv.com.,email@fiserv.com,JBezos@amazon.com,Jeffrey.Bezos@amazon.com,Jeffrey@amazon.com,Jeffrey_Bezos@amazon.com.,email@amazon.com,DPiacentini@amazon.com,Diego.Piacentini@amazon.com,Diego@amazon.com,Diego_Piacentini@amazon.com.,email@amazon.com,AJassy@amazon.com,Andrew.Jassy@amazon.com,Andrew@amazon.com,Andrew_Jassy@amazon.com.,email@amazon.com,support@sydex.net,support@sydex.net,support@sydex.net,support@sydex.net,support@sydex.net,support@sydex.net

+@[a-zA-Z0-9,JStruck@pioneer.com,Jennifer.Struck@pioneer.com,Jennifer@pioneer.com,Jennifer_Struck@pioneer.com.,email@pioneer.com,JS@acercanhelp.com,Jennifer.S@acercanhelp.com,Jennifer@acercanhelp.com,Jennifer_S@acercanhelp.com.,email@acercanhelp.com,JS@HVCPA.org,Jennifer.S@HVCPA.org,Jennifer@HVCPA.org,Jennifer_S@HVCPA.org.,email@HVCPA.org,JMuenzenberger@pioneer.com,John.Muenzenberger@pioneer.com,John@pioneer.com,John_Muenzenberger@pioneer.com.,email@pioneer.com,JForesman@pioneer.com,Joe.Foresman@pioneer.com,Joe@pioneer.com,Joe_Foresman@pioneer.com.,email@pioneer.com,JChism@pioneer.com,John.Chism@pioneer.com,John@pioneer.com,John_Chism@pioneer.com.,email@pioneer.com
anna@88solo.com,anna@88solo.com

mmosthof@yahoo.com,mmosthof@yahoo.com




hhswebhelp@purdue.edu,hhswebhelp@purdue.edu,hhswebhelp@purdue.edu,hhswebhelp@purdue.edu,hhswebhelp@purdue.edu,hhswebhelp@purdue.edu,hhswebhelp@purdue.edu,hhswebhelp@purdue.edu,hhswebhelp@purdue.edu,support@sydex.net,support@sydex.net,support@sydex.net,support@sydex.net,support@sydex.net,support@sydex.net


yourfriends@medium.com,yourfriends@medium.com,app_store_badge@2x.png,app_store_badge@2x.8bDQGNMm,app-devices@2x.png,app-devices@2x.Ewl5,google_play_badge@2x.png,google_play_badge@2x.iWEWlt5_Qj20rr79,heart@2x.png,heart@2x.qvCTX1XHNpntqxt01oypQw.png,response@2x.png,response@2x.xzKQM4FzSurAVkghLQQWkA.png
com.zoominfo.component.data.person.Name@4892d89e,christopher.campellone@universumusa.com,kjohns53@illinois.edu,kjohns53@illinois.edu,kjohns53@illinois.edu,kjohns53@illinois.edu,mckinn@illinois.edu,mckinn@illinois.edu,ksanders@heritage.k12.il.us,ksanders@heritage.k12.il.us,ksanders@heritage.k12.il.us</a>&gt; .  Affirmative Action/Equal</p>,srdean@illinois.edu,niekerk@illinois.edu,sheft@illinois.edu,elmorley@illinois.edu,phughes@noblenetwork.org,mckinn@illinois.edu,ksanders@heritage.k12.il.us,ksanders@heritage.k12.il.us,ksanders@heritage.k12.il.us</a>&gt; .  Affirmative Action/Equal</p>,srdean@illinois.edu,niekerk@illinois.edu,sheft@illinois.edu,elmorley@illinois.edu,phughes@noblenetwork.org,kjohns53@illinois.edu,kjohns53@illinois.edu,kjohns53@illinois.edu,kjohns53@illinois.edu,kjohns53@illinois.edu,mccastr2@illinois.edu,kjohns53@illinois.edu,kjohns53@illinois.edu,mckinn@illinois.edu,mckinn@illinois.edu,kjohns53@illinois.edu,kjohns53@illinois.edu,ksanders@heritage.k12.il.us,ksanders@heritage.k12.il.us,ksanders@heritage.k12.il.us,ksanders@heritage.k12.il.us,kjohns53@illinois.edu,kjohns53@illinois.edu,srdean@illinois.edu,srdean@illinois.edu,kjohns53@illinois.edu,kjohns53@illinois.edu,niekerk@illinois.edu,niekerk@illinois.edu,kjohns53@illinois.edu,kjohns53@illinois.edu,sheft@illinois.edu,sheft@illinois.edu,kjohns53@illinois.edu,kjohns53@illinois.edu,kjohns53@illinois.edu,kjohns53@illinois.edu,elmorley@illinois.edu,elmorley@illinois.edu,parrish4@illinois.edu,parrish4@illinois.edu,phughes@noblenetwork.org,phughes@noblenetwork.org,,Barbara.lindquist@scheller.gatech.edu,Lindsey@lindseypollak.com
Icon@2x.png,Icon@2x.png,Icon-72@2x.png,info@hbanet.org,info@hbanet.org,das.webmaster@ct.gov,das.webmaster@ct.gov,das.webmaster@ct.gov,das.webmaster@ct.gov,das.webmaster@ct.gov
adrienne@truesearch.com,adrienne@truesearch.com,aisling@truesearch.com,ali@truesearch.com,andrew@truesearch.com,ann@truesearch.com,ashley@thetruecapital.com,ben@truesearch.com,brad@truesearch.com,brian@truesearch.com,bruce@truesearch.com,caitlin@truesearch.com,channa@truesearch.com,charis@truesearch.com,christian@truesearch.com,danielle@truesearch.com,dela@truesearch.com,edith@truesearch.com,elizabeth@truesearch.com,emily@truesearch.com,eva@truesearch.com,gerard@truesearch.com,hnisenfeld@truesearch.com,heather@truesearch.com,helen@truesearch.com,jj@truesearch.com,Jackie@truesearch.com,jared@truesearch.com,jennifer@truesearch.com,jriley@truesearch.com,jmolinelli@truesearch.com,joe@truesearch.com,josh@truesearch.com,julie@truesearch.com,kelli@truesearch.com,kbijas@truesearch.com,kevin@truesearch.com,kim@truesearch.com,kimberly@truesearch.com,lauren@truesearch.com,leighann@truesearch.com,lknapp@truesearch.com,madeleine@truesearch.com,maelys@truesearch.com,mark@truesearch.com,mj@truesearch.com,mdempsey@truesearch.com,matt@truesearch.com,megan@truesearch.com,melanie@truesearch.com,nick@truesearch.com,pat@truesearch.com,patrick@truesearch.com,rhoda@truesearch.com,rickf@truesearch.com,rick@truesearch.com,sam@truesearch.com,sean@truesearch.com,sturner@truesearch.com,shawn@truesearch.com,teague@truesearch.com,thomas@truesearch.com,tim@truesearch.com,todd@truesearch.com,ginny@truesearch.com,william@truesearch.com,adrienne@truesearch.com,aisling@truesearch.com,ali@truesearch.com,andrew@truesearch.com,ann@truesearch.com,ashley@thetruecapital.com,ben@truesearch.com,brad@truesearch.com,brian@truesearch.com,bruce@truesearch.com,caitlin@truesearch.com,channa@truesearch.com,charis@truesearch.com,christian@truesearch.com,danielle@truesearch.com,dela@truesearch.com,edith@truesearch.com,elizabeth@truesearch.com,emily@truesearch.com,eva@truesearch.com,gerard@truesearch.com,hnisenfeld@truesearch.com,heather@truesearch.com,helen@truesearch.com,jj@truesearch.com,Jackie@truesearch.com,jared@truesearch.com,jennifer@truesearch.com,jriley@truesearch.com,jmolinelli@truesearch.com,joe@truesearch.com,josh@truesearch.com,julie@truesearch.com,kelli@truesearch.com,kbijas@truesearch.com,kevin@truesearch.com,kim@truesearch.com,kimberly@truesearch.com,lauren@truesearch.com,leighann@truesearch.com,lknapp@truesearch.com,madeleine@truesearch.com,maelys@truesearch.com,mark@truesearch.com,mj@truesearch.com,mdempsey@truesearch.com,matt@truesearch.com,megan@truesearch.com,melanie@truesearch.com,nick@truesearch.com,pat@truesearch.com,patrick@truesearch.com,rhoda@truesearch.com,rickf@truesearch.com,rick@truesearch.com,sam@truesearch.com,sean@truesearch.com,sturner@truesearch.com,shawn@truesearch.com,teague@truesearch.com,thomas@truesearch.com,tim@truesearch.com,todd@truesearch.com,ginny@truesearch.com,william@truesearch.com,adrienne@truesearch.com,adrienne@truesearch.com,aisling@truesearch.com,ali@truesearch.com,andrew@truesearch.com,ann@truesearch.com,ashley@thetruecapital.com,ben@truesearch.com,brad@truesearch.com,brian@truesearch.com,bruce@truesearch.com,caitlin@truesearch.com,channa@truesearch.com,charis@truesearch.com,christian@truesearch.com,danielle@truesearch.com,dela@truesearch.com,edith@truesearch.com,elizabeth@truesearch.com,emily@truesearch.com,eva@truesearch.com,gerard@truesearch.com,hnisenfeld@truesearch.com,heather@truesearch.com,helen@truesearch.com,jj@truesearch.com,Jackie@truesearch.com,jared@truesearch.com,jennifer@truesearch.com,jriley@truesearch.com,jmolinelli@truesearch.com,joe@truesearch.com,josh@truesearch.com,julie@truesearch.com,kelli@truesearch.com,kbijas@truesearch.com,kevin@truesearch.com,kim@truesearch.com,kimberly@truesearch.com,lauren@truesearch.com,leighann@truesearch.com,lknapp@truesearch.com,madeleine@truesearch.com,maelys@truesearch.com,mark@truesearch.com,mj@truesearch.com,mdempsey@truesearch.com,matt@truesearch.com,megan@truesearch.com,melanie@truesearch.com,nick@truesearch.com,pat@truesearch.com,patrick@truesearch.com,rhoda@truesearch.com,rickf@truesearch.com,rick@truesearch.com,sam@truesearch.com,sean@truesearch.com,sturner@truesearch.com,shawn@truesearch.com,teague@truesearch.com,thomas@truesearch.com,tim@truesearch.com,todd@truesearch.com,ginny@truesearch.com,william@truesearch.com,philly@girldevelopit.com,philly@girldevelopit.com,philly@girldevelopit.com,Icon-60pt@2x.png,Icon-60pt@2x.png,Icon-60pt@2x.png,Icon-iPad-76pt@2x.png,philly@girldevelopit.com
+@[a-zA-Z0-9,JKrohn@google.com,Jaclyn.Krohn@google.com,Jaclyn@google.com,Jaclyn_Krohn@google.com.,email@google.com,JKabazie@homeoftheinnocents.org,Jaclyn.Kabazie@homeoftheinnocents.org,Jaclyn@homeoftheinnocents.org,Jaclyn_Kabazie@homeoftheinnocents.org.,email@homeoftheinnocents.org,JKabble@fancyfilm.com,Jaclyn.Kabble@fancyfilm.com,Jaclyn@fancyfilm.com,Jaclyn_Kabble@fancyfilm.com.,email@fancyfilm.com,JKachele@ulalaunch.com,Jaclyn.Kachele@ulalaunch.com,Jaclyn@ulalaunch.com,Jaclyn_Kachele@ulalaunch.com.,email@ulalaunch.com,AChang@google.com,Andrew.Chang@google.com,Andrew@google.com,Andrew_Chang@google.com.,email@google.com,GSpencer@google.com,Graham.Spencer@google.com,Graham@google.com,Graham_Spencer@google.com.,email@google.com,DDrummond@google.com,David.Drummond@google.com,David@google.com,David_Drummond@google.com.,email@google.com,marjorie.howard@tufts.edu,marjorie.howard@tufts.edu,marjorie.howard@tufts.edu,marjorie.howard@tufts.edu,marjorie.howard@tufts.edu,marjorie.howard@tufts.edu
info@ghochdu.com,info@ghochdu.com,E0-001-073846238-0@2014081301,D.Err.I.C.Ktcfh@werraofsakina.free.fr,Guillermo.Forehand@werraofsakina.free.fr,sp.h.e.r.ic.al.j.w.yo@geeks2go4u.com,P.U.N.I.Sh.B.B.E.K@werraofsakina.free.fr,guillermo.Forehand@werraofsakina.free.fr,R.Ou.T.Etre.Mmom.P@werraofsakina.free.fr,www.Camuflagens@werraofsakina.free.fr,A.ppa.ren.t.f.y.n.q@werraofsakina.free.fr,e.c.Osyst.em.k.a.e.s@werraofsakina.free.fr,guillermo.forehand@werraofsakina.free.fr,adam@eve.com,adam@eve.com,C.hrist.i.namarcus81@test.lasergun.nl,C.hrist.i.namarcus81@test.lasergun.nl,h.umb.l.e.lh.ss@asnovinhasgostosas.com,info@ghochdu.com,info@ghochdu.com
cheryl.batleman@ngc.com,cheryl.batleman@ngc.com,cheryl.batleman@ngc.com





+@[a-zA-Z0-9,TSoto@aetna.com,Thomas.Soto@aetna.com,Thomas@aetna.com,Thomas_Soto@aetna.com.,email@aetna.com,TS@niit-tech.com,Thomas.S@niit-tech.com,Thomas@niit-tech.com,Thomas_S@niit-tech.com.,email@niit-tech.com,TS@xo.com,Thomas.S@xo.com,Thomas@xo.com,Thomas_S@xo.com.,email@xo.com,TS.@bentonandparker.com,Thomas.S.@bentonandparker.com,Thomas@bentonandparker.com,Thomas_S.@bentonandparker.com.,email@bentonandparker.com,MBertolini@aetna.com,Mark.Bertolini@aetna.com,Mark@aetna.com,Mark_Bertolini@aetna.com.,email@aetna.com,WCasazza@aetna.com,William.Casazza@aetna.com,William@aetna.com,William_Casazza@aetna.com.,email@aetna.com,GSpann@aetna.com,Gretchen.Spann@aetna.com,Gretchen@aetna.com,Gretchen_Spann@aetna.com.,email@aetna.com
kwheeler@glresources.com,kwheeler@glresources.com,kwheeler@glresources.com,kwheeler@glresources.com,kwheeler@glresources.com,kwheeler@glresources.com,wordpress@4.2.3,alumni@umd.edu,alumni@umd.edu,alumni@umd.edu,alumni@umd.edu,alumni@umd.edu,alumni@umd.edu,alumni@umd.edu,alumni@umd.edu


tmlassociates@hotmail.com,tmlassociates@hotmail.com

bjh@careertransllc.com,bjh@careertransllc.com,bjh@careertransllc.com,support@sydex.net,support@sydex.net,support@sydex.net,support@sydex.net,support@sydex.net,support@sydex.net


support@sydex.net,support@sydex.net,support@sydex.net,support@sydex.net,support@sydex.net,support@sydex.net,support@sydex.net,support@sydex.net,support@sydex.net,paul.horn@tyges.com,paul.horn@tyges.com,paul.horn@tyges.com,support@sydex.net,support@sydex.net,support@sydex.net,support@sydex.net,support@sydex.net,support@sydex.net,support@sydex.net,support@sydex.net,support@sydex.net,support@sydex.net,support@sydex.net,mjrenzi@stanford.edu,mjrenzi@stanford.edu,support@sydex.net,support@sydex.net,support@sydex.net,support@sydex.net,support@sydex.net,support@sydex.net,support@sydex.net,support@sydex.net
support@sydex.net,support@sydex.net,support@sydex.net,support@sydex.net,support@sydex.net,support@sydex.net,apple-touch-icon-60x60@2x.png,apple-touch-icon-60x60@2x.png,apple-touch-icon-76x76@2x.png

ALYSIAGORE400@gmail.com,ALYSIAGORE400@gmail.com,acp2nk@r.postjobfree.com,acp2nk@r.postjobfree.com,acp2nk@r.postjobfree.com

glo.blue@drmconline.com...,glo.blue@drmconline.com...

hkleinme@teksystems.com,hkleinme@teksystems.com,nodaniel@teksystems.com,keharper@teksystems.com,mpowers@teksystems.com,amaltese@teksystems.com,anetzlof@teksystems.com,chaight@teksystems.com,anpinney@teksystems.com,ekobusch@teksystems.com,jbovee@teksystems.com,mborgese@teksystems.com,mhenness@teksystems.com,nbrockle@teksystems.ca,ksachars@teksystems.com,shalexan@teksystems.ca,jecruz@teksystems.com,bgutteron@teksystems.com,lvitrano@teksystems.com,hkleinme@teksystems.com,nodaniel@teksystems.com,keharper@teksystems.com,mpowers@teksystems.com,amaltese@teksystems.com,anetzlof@teksystems.com,chaight@teksystems.com,anpinney@teksystems.com,ekobusch@teksystems.com,jbovee@teksystems.com,mborgese@teksystems.com,mhenness@teksystems.com,nbrockle@teksystems.ca,ksachars@teksystems.com,shalexan@teksystems.ca,jecruz@teksystems.com,bgutteron@teksystems.com,lvitrano@teksystems.com,hkleinme@teksystems.com,hkleinme@teksystems.com,hkleinme@teksystems.com,nodaniel@teksystems.com,nodaniel@teksystems.com,keharper@teksystems.com,keharper@teksystems.com,mpowers@teksystems.com,mpowers@teksystems.com,amaltese@teksystems.com,amaltese@teksystems.com,anetzlof@teksystems.com,anetzlof@teksystems.com,chaight@teksystems.com,chaight@teksystems.com,anpinney@teksystems.com,anpinney@teksystems.com,ekobusch@teksystems.com,ekobusch@teksystems.com,jbovee@teksystems.com,jbovee@teksystems.com,mborgese@teksystems.com,mborgese@teksystems.com,mhenness@teksystems.com,mhenness@teksystems.com,nbrockle@teksystems.ca,nbrockle@teksystems.ca,ksachars@teksystems.com,ksachars@teksystems.com,shalexan@teksystems.ca,shalexan@teksystems.ca,jecruz@teksystems.com,jecruz@teksystems.com,bgutteron@teksystems.com,bgutteron@teksystems.com,lvitrano@teksystems.com,lvitrano@teksystems.com
andifrederiksen@me.com,andifrederiksen@me.com,andi.frederiksen@tanium.com


support@sydex.net,support@sydex.net,support@sydex.net,support@sydex.net,support@sydex.net,support@sydex.net,anthony.smothers@uni.edu,anthony.smothers@uni.edu,anthony.smothers@uni.edu,roger.kueter@uni.edu,bneil@uni.edu,mgraaf@uni.edu,roger.kueter@uni.edu,roger.kueter@uni.edu,roger.kueter@uni.edu,jpec@uni.edu,roger.kueter@uni.edu,roger.kueter@uni.edu,webteam@uni.edu,anthony.smothers@uni.edu,anthony.smothers@uni.edu,roger.kueter@uni.edu,bneil@uni.edu,mgraaf@uni.edu,roger.kueter@uni.edu,roger.kueter@uni.edu,roger.kueter@uni.edu,jpec@uni.edu,roger.kueter@uni.edu,roger.kueter@uni.edu,webteam@uni.edu,Jobs@UNI</a></li>,anthony.smothers@uni.edu,anthony.smothers@uni.edu,anthony.smothers@uni.edu,anthony.smothers@uni.edu,roger.kueter@uni.edu,roger.kueter@uni.edu,bneil@uni.edu,bneil@uni.edu,mgraaf@uni.edu,mgraaf@uni.edu,roger.kueter@uni.edu,roger.kueter@uni.edu,roger.kueter@uni.edu,roger.kueter@uni.edu,roger.kueter@uni.edu,roger.kueter@uni.edu,jpec@uni.edu,jpec@uni.edu,roger.kueter@uni.edu,roger.kueter@uni.edu,roger.kueter@uni.edu,roger.kueter@uni.edu,webteam@uni.edu,help@plainsite.org.,help@plainsite.org.
kevin.cook@emc.com,kevin.cook@emc.com
%0A                     ,%0A                     ,webmaster@utoledo.edu,%0A                     ,webmaster@utoledo.edu,utpsc@utoledo.edu,utpsc@utoledo.edu,utpsc@utoledo.edu,webmaster@utoledo.edu

cpalawsociety@gmail.com,cpalawsociety@gmail.com
support@sydex.net,support@sydex.net,support@sydex.net,support@sydex.net,support@sydex.net,support@sydex.net
support@sydex.net,support@sydex.net,support@sydex.net,support@sydex.net,support@sydex.net,support@sydex.net
support@sydex.net,support@sydex.net,support@sydex.net,support@sydex.net,support@sydex.net,support@sydex.net
//team@bnshosting.net,//team@bnshosting.net,//team@bnshosting.net,team@bnshosting.net,team@bnshosting.net
support@sydex.net,support@sydex.net,support@sydex.net,support@sydex.net,support@sydex.net,support@sydex.net


+@[a-zA-Z0-9,KHovey@citrix.com,Karen.Hovey@citrix.com,Karen@citrix.com,Karen_Hovey@citrix.com.,email@citrix.com,KH@hampton.com,Karen.H@hampton.com,Karen@hampton.com,Karen_H@hampton.com.,email@hampton.com,KH@gocathedral.com,Karen.H@gocathedral.com,Karen@gocathedral.com,Karen_H@gocathedral.com.,email@gocathedral.com,KH@jeffcopublicschools.org,Karen.H@jeffcopublicschools.org,Karen@jeffcopublicschools.org,Karen_H@jeffcopublicschools.org.,email@jeffcopublicschools.org,NBrown@citrix.com,Nick.Brown@citrix.com,Nick@citrix.com,Nick_Brown@citrix.com.,email@citrix.com,MCristinziano@citrix.com,Michael.Cristinziano@citrix.com,Michael@citrix.com,Michael_Cristinziano@citrix.com.,email@citrix.com,SSinghass@citrix.com,Scott.Singhass@citrix.com,Scott@citrix.com,Scott_Singhass@citrix.com.,email@citrix.com
chuang@capgaznews.com,chuang@capgaznews.com,chuang@capgaznews.com,chuang@capgaznews.com,chuang@capgaznews.com,chuang@capgaznews.com
,spokeo-logo@2x.png,email@example.com,email@example.com,info@tagence.com,info@tagence.com,info@tagence.com,info@tagence.com,info@tagence.com,info@tagence.com


RyanMM@sritalent.com,RyanMM@sritalent.com,support@sydex.net,support@sydex.net,support@sydex.net,support@sydex.net,support@sydex.net,support@sydex.net,support@sydex.net,support@sydex.net,support@sydex.net,jgaydeski@comcast.net,jgaydeski@comcast.net,jgaydeski@comcast.net,support@sydex.net,support@sydex.net
support@sydex.net,support@sydex.net,support@sydex.net,support@sydex.net,support@sydex.net,support@sydex.net,justin.lieth@siemens.com,justin.lieth@siemens.com,merisha.baldwin@siemens.com,justin.lieth@siemens.com,merisha.baldwin@siemens.com,justin.lieth@siemens.com,justin.lieth@siemens.com,justin.lieth@siemens.com,merisha.baldwin@siemens.com,merisha.baldwin@siemens.com,"justin.jeffreys@itv.com] \nSent: 26 February 2016 11:23\nSubject: New Arrivals, Ferne &amp; GC, Tears from Danni - TOWIE Is Back (Embargoed 00:01 Saturday 27th February)\n\nThe Only Way Is Essex - Episode One\nTX: Sunday 28th February, 10pm on ITVBe\n\nEmbargoed 00:01 Saturday 27th February \n\nScreengrab link - https://www.wetransfer.com/downloads/7bd96a5df222e9716b9f53217a79970620160225174936/83a9c74fa85afbc4c7e10298485ee19120160225174936/64e4b7\n \nEpisode One \n \nFour new arrivals, a trip to Gran Canaria, a dose of the GC, tears from Danni, a Facetime with Ferne, Bobby&iquest;s hunt for a BF, and a big Essex secret&iquest;TOWIE is back and it&iquest;s more eventful than ever. \n \nHalf of the group have headed to Gran Can but it looks like drama is playing out on both sides of the Atlantic when Billie pays a visit to Gemma, who lets slip a secret she knows about Lockie. As Billie wrestles with her conscience, will GC tell Danni what she","justin.jeffreys@itv.com] \nSent: 26 February 2016 11:23\nSubject: New Arrivals, Ferne &amp; GC, Tears from Danni - TOWIE Is Back (Embargoed 00:01 Saturday 27th February)\n\nThe Only Way Is Essex - Episode One\nTX: Sunday 28th February, 10pm on ITVBe\n\nEmbargoed 00:01 Saturday 27th February \n\nScreengrab link - https://www.wetransfer.com/downloads/7bd96a5df222e9716b9f53217a79970620160225174936/83a9c74fa85afbc4c7e10298485ee19120160225174936/64e4b7\n \nEpisode One \n \nFour new arrivals, a trip to Gran Canaria, a dose of the GC, tears from Danni, a Facetime with Ferne, Bobby&iquest;s hunt for a BF, and a big Essex secret&iquest;TOWIE is back and it&iquest;s more eventful than ever. \n \nHalf of the group have headed to Gran Can but it looks like drama is playing out on both sides of the Atlantic when Billie pays a visit to Gemma, who lets slip a secret she knows about Lockie. As Billie wrestles with her conscience, will GC tell Danni what she",justin.jeffreys@itv.com] ,Sophie.Spirit@premiercomms.com] ,"justin.jeffreys@itv.com] \nSent: 26 February 2016 11:23\nSubject: New Arrivals, Ferne &amp; GC, Tears from Danni - TOWIE Is Back (Embargoed 00:01 Saturday 27th February)\n\nThe Only Way Is Essex - Episode One\nTX: Sunday 28th February, 10pm on ITVBe\n\nEmbargoed 00:01 Saturday 27th February \n\nScreengrab link - https://www.wetransfer.com/downloads/7bd96a5df222e9716b9f53217a79970620160225174936/83a9c74fa85afbc4c7e10298485ee19120160225174936/64e4b7\n \nEpisode One \n \nFour new arrivals, a trip to Gran Canaria, a dose of the GC, tears from Danni, a Facetime with Ferne, Bobby&iquest;s hunt for a BF, and a big Essex secret&iquest;TOWIE is back and it&iquest;s more eventful than ever. \n \nHalf of the group have headed to Gran Can but it looks like drama is playing out on both sides of the Atlantic when Billie pays a visit to Gemma, who lets slip a secret she knows about Lockie. As Billie wrestles with her conscience, will GC tell Danni what she",justin.jeffreys@itv.com] ,Sophie.Spirit@premiercomms.com] ,justin.jeffreys@itv.com,justin.jeffreys@itv.com,steve@akmgsi.com,sales@akmgsi.com,mbuda@akmgsi.com,ginsburgspalyinc@gmail.com,info@fameflynet.uk.com,870-934-2666..photodesk@splashnews.com..,nsteve@akmgsi.com,nsales@akmgsi.com,nmbuda@akmgsi.com,nginsburgspalyinc@gmail.com,nsteve@akmgsi.com,nsales@akmgsi.com,nmbuda@akmgsi.com,nginsburgspalyinc@gmail.com,nphotodesk@splashnews.com,nsteve@akmgsi.com,nsales@akmgsi.com,nmbuda@akmgsi.com,nginsburgspalyinc@gmail.com,justin.jeffreys@itv.com,nphotodesk@splashnews.com,info@fameflynet.uk.com,nphotodesk@splashnews.com,nsteve@akmgsi.com,nsales@akmgsi.com,nmbuda@akmgsi.com,nginsburgspalyinc@gmail.com,photodesk@splashnews.com,steve@akmgsi.com,sales@akmgsi.com,mbuda@akmgsi.com,ginsburgspalyinc@gmail.com,nphotodesk@splashnews.com,info@fameflynet.uk.com,info@fameflynet.uk.com,t870-934-2666..photodesk@splashnews.com..,nsteve@akmgsi.com,nsales@akmgsi.com,nmbuda@akmgsi.com,nginsburgspalyinc@gmail.com,nphotodesk@splashnews.com,870-934-2666..photodesk@splashnews.com..,nsales@broadimage.com,nphotodesk@splashnews.com,info@fameflynet.uk.com,nsales@broadimage.com,Sophie.Spirit@premiercomms.com
sbakerphr@gmail.com,sbakerphr@gmail.com,support@sydex.net,support@sydex.net,support@sydex.net,Bide@Everlane<br/>,support@sydex.net,support@sydex.net,apple-touch-icon-60x60@2x.png,apple-touch-icon-60x60@2x.png,apple-touch-icon-76x76@2x.png
support@sydex.net,support@sydex.net,support@sydex.net,support@sydex.net,support@sydex.net,support@sydex.net,support@sydex.net,support@sydex.net,support@sydex.net,Flexproducts@gmail.com,Flexproducts@gmail.com,support@sydex.net,support@sydex.net,support@sydex.net,support@sydex.net,support@sydex.net,support@sydex.net,support@sydex.net,support@sydex.net,agaudio@law.wnec.edu,agaudio@law.wnec.edu,mjohnson@law.wnec.edu,kmckittrick@law.wnec.edu,solearcek@law.wnec.edu,mvanhouten@law.wnec.edu,bwest@law.wnec.edu,alumni@law.wnec.edu,develop@wnec.edu,usapgs@cs.com,wvp29@aol.com,rfortier02@snet.net,lkurland@khov.com,andrewaloe@shencoke.com,eteller@frac.org,aliforman@aol.com,cisco3ack@aol.com,jonesjh@aetna.com,rmurphy@bacon-wilson.com,lancourA@staff.abanet.,lawmab@aol.com,jbaker@wsh-law.com,cameronbrowne@msn.com,ney@georgecon way com ,angelides@angelidesandsouth.com,rproakis@nage.org,mmassengilllaw@comcast.net,legallylori@aol.com,a_theodorejd@yahoo.com,karen161@msn.com,rlgray9@hotmail.com,fakhoury-law@aol.com,cthompson@law.wnec.edu,cthompson@law.wnec.edu.,jobpost@law.wnec.edu.
foxinfo@temple.edu,foxinfo@temple.edu,foxinfo@temple.edu,foxinfo@temple.edu,foxinfo@temple.edu,foxinfo@temple.edu,support@sydex.net,support@sydex.net,support@sydex.net,support@sydex.net,support@sydex.net,support@sydex.net,Sylvia.Ramos@morganstanley.com,Sylvia.Ramos@morganstanley.com,Kristen.Crooks@morganstanley.com,Jaclin.Principato@morganstanley.com,Jaclin.Principato@morganstanley.com,Kristen.Crooks@morganstanley.com,Sylvia.Ramos@morganstanley.com,Kristen.Crooks@morganstanley.com,Jaclin.Principato@morganstanley.com,Jaclin.Principato@morganstanley.com,Kristen.Crooks@morganstanley.com,Sylvia.Ramos@morganstanley.com,Sylvia.Ramos@morganstanley.com,Sylvia.Ramos@morganstanley.com,Kristen.Crooks@morganstanley.com,Kristen.Crooks@morganstanley.com,Jaclin.Principato@morganstanley.com,Jaclin.Principato@morganstanley.com,Jaclin.Principato@morganstanley.com,Jaclin.Principato@morganstanley.com,Kristen.Crooks@morganstanley.com,Kristen.Crooks@morganstanley.com,eprints@soton.ac.uk,eprints@soton.ac.uk,eprints@soton.ac.uk,Edutain@Grid: A Business Grid Infrastructure for Real-Time On-Line Interactive,eprints@soton.ac.uk,eprints@soton.ac.uk,apple-touch-icon-60x60@2x.png,apple-touch-icon-60x60@2x.png,apple-touch-icon-76x76@2x.png
PubMedGroup@1.73,PubMedGroup@1.73,PubMedGroup@1.73,PubMedGroup@1.73,person_1@2x.png,person_1@2x.png,person_1@2x-f474004d.png,person_2@2x.png,person_2@2x-6ef1dc6f.png,person_3@2x.png,person_3@2x-add2045c.png,person_4@2x.png,person_4@2x-c14402f2.png,person_5@2x.png,person_5@2x-22b86dfe.png,person_6@2x.png,person_6@2x-42876fe7.png,person_7@2x.png,person_7@2x-03556356.png,person_8@2x.png,person_8@2x-85d598e7.png,person_9@2x.png,person_9@2x-f1d1a775.png
a3e08a6b6d7c44f9abb0bc5a90706148@sentry.abtm.io,a3e08a6b6d7c44f9abb0bc5a90706148@sentry.abtm.io,team@recruitloop.com,team@recruitloop.com,team@recruitloop.com,team@recruitloop.com,team@recruitloop.com,team@recruitloop.com,mark@thevoiceofjobseekers.com,mark@thevoiceofjobseekers.com,mark@thevoiceofjobseekers.com,mark@thevoiceofjobseekers.com,mark@thevoiceofjobseekers.com,mark@thevoiceofjobseekers.com,mark@thevoiceofjobseekers.com,mark@thevoiceofjobseekers.com,mark@thevoiceofjobseekers.com
,spokeo-logo@2x.png,erin@selectgroup-rtp.com,email@example.com,email@example.com,contactus@goodwill.org,contactus@goodwill.org,contactus@goodwill.org,contactus@goodwill.org,contactus@goodwill.org,contactus@goodwill.org
directions_highlighted@2x.png,directions_highlighted@2x.png,directions@2x.png,annotation_star_highlighted@2x.png,annotation_star@2x.png,empty_profile@2x.png,,yp-user-80x80@2x.gif,yp-user-80x80@2x.gif,yp-user-80x80@2x.gif,info@lacitycab.com,info@lacitycab.com
,hh-logo@2x1.png,hh-logo-sml@2x3.png,,530c6d33a0de4ebfb124b47975ef405c@app.getsentry.com,g@uwe.ac.uk,l@open.ac.uk
arivera@standard.net.,arivera@standard.net.,arivera@standard.net.,arivera@standard.net.

person_1@2x.png,person_1@2x.png,person_1@2x-f474004d.png,person_2@2x.png,person_2@2x-6ef1dc6f.png,person_3@2x.png,person_3@2x-add2045c.png,person_4@2x.png,person_4@2x-c14402f2.png,person_5@2x.png,person_5@2x-22b86dfe.png,person_6@2x.png,person_6@2x-42876fe7.png,person_7@2x.png,person_7@2x-03556356.png,person_8@2x.png,person_8@2x-85d598e7.png,person_9@2x.png,person_9@2x-f1d1a775.png,j@@@P*\7  @@@@   @@@@         _    : @@@@ ! ,75384534@N06.jpg,75384534@N06.jpg
Ilovetoparty@gmail.com,Ilovetoparty@gmail.com,+@[a-zA-Z0-9,KRiley@vmware.com,Keri.Riley@vmware.com,Keri@vmware.com,Keri_Riley@vmware.com.,email@vmware.com,KR.@kohls.com,Keri.R.@kohls.com,Keri@kohls.com,Keri_R.@kohls.com.,email@kohls.com,KRaiber@co.stearns.mn.us,Keri.Raiber@co.stearns.mn.us,Keri@co.stearns.mn.us,Keri_Raiber@co.stearns.mn.us.,email@co.stearns.mn.us,KRak@loyolamedicine.org,Keri.Rak@loyolamedicine.org,Keri@loyolamedicine.org,Keri_Rak@loyolamedicine.org.,email@loyolamedicine.org,RHodges@vmware.com,Robert.Hodges@vmware.com,Robert@vmware.com,Robert_Hodges@vmware.com.,email@vmware.com,EArchibald@vmware.com,Edward.Archibald@vmware.com,Edward@vmware.com,Edward_Archibald@vmware.com.,email@vmware.com,GStorga@vmware.com,Gordon.Storga@vmware.com,Gordon@vmware.com,Gordon_Storga@vmware.com.,email@vmware.com
+@[a-zA-Z0-9,KSeeker@technip.com,Kelly.Seeker@technip.com,Kelly@technip.com,Kelly_Seeker@technip.com.,email@technip.com,KS@trihealth.com,Kelly.S@trihealth.com,Kelly@trihealth.com,Kelly_S@trihealth.com.,email@trihealth.com,KS@georgiapower.com,Kelly.S@georgiapower.com,Kelly@georgiapower.com,Kelly_S@georgiapower.com.,email@georgiapower.com,KKelly@technip.com,Kevin.Kelly@technip.com,Kevin@technip.com,Kevin_Kelly@technip.com.,email@technip.com,TParmentier@technip.com,Thierry.Parmentier@technip.com,Thierry@technip.com,Thierry_Parmentier@technip.com.,email@technip.com,TPilenko@technip.com,Thierry.Pilenko@technip.com,Thierry@technip.com,Thierry_Pilenko@technip.com.,email@technip.com

universityrecruiting@vmware.com,universityrecruiting@vmware.com,universityrecruiting@vmware.com,universityrecruiting@vmware.com,universityrecruiting@vmware.com,universityrecruiting@vmware.com
support@repdigger.com,support@repdigger.com,support@repdigger.com,support@repdigger.com,support@repdigger.com


support@sydex.net,support@sydex.net,support@sydex.net,support@sydex.net,support@sydex.net,support@sydex.net,support@sydex.net,support@sydex.net,support@sydex.net,support@sydex.net,support@sydex.net,support@sydex.net,support@sydex.net,support@sydex.net,support@sydex.net,support@sydex.net,support@sydex.net,support@sydex.net,support@sydex.net,support@sydex.net,support@sydex.net,support@sydex.net,support@sydex.net,support@sydex.net,support@sydex.net,support@sydex.net,support@sydex.net,scottegloff@sportautomotive.com,scottegloff@sportautomotive.com,support@sydex.net,support@sydex.net,support@sydex.net,support@sydex.net,support@sydex.net,support@sydex.net,support@sydex.net,support@sydex.net,support@sydex.net,support@sydex.net,support@sydex.net,bdrake@drakemarcum.com,bdrake@drakemarcum.com,support@sydex.net,support@sydex.net


cseyer@semovm.semo.edu,cseyer@semovm.semo.edu,cseyer@semovm.semo.edu,cseyer@semovm.semo.edu,cseyer@semovm.semo.edu,cseyer@semovm.semo.edu,webstaff@hoosiertimes.com,webstaff@hoosiertimes.com,webstaff@hoosiertimes.com,webstaff@hoosiertimes.com,webstaff@hoosiertimes.com,webstaff@hoosiertimes.com,info@jccservices.com,info@jccservices.com,info@jccservices.com,info@jccservices.com,cvandermause@lesspub.com,oholcombe@westerneda.com,cfarmer@westerneda.com,info@jccservices.com,lstanish@purdue.edu,cvandermause@lessitermedia.com,cfarmer@westerneda.com,info@jccservices.com,info@jccservices.com,info@jccservices.com,cvandermause@lesspub.com,oholcombe@westerneda.com,cfarmer@westerneda.com,info@jccservices.com,lstanish@purdue.edu,cvandermause@lessitermedia.com,cfarmer@westerneda.com,info@jccservices.com,info@jccservices.com,info@jccservices.com,info@jccservices.com,cvandermause@lesspub.com,oholcombe@westerneda.com,cfarmer@westerneda.com,info@jccservices.com,lstanish@purdue.edu,cvandermause@lessitermedia.com,cfarmer@westerneda.com
"com.zoominfo.component.data.person.Name@137a2fec"" />",Julie.gourley@ngc.com,Julie.Gourley@ngc.com,Julie.Gourley@ngc.com
Icon-60@2x.png,Icon-60@2x.png,Icon-60@3x.png,Icon-76@2x.png,Icon-Small@2x.png,support@lanyrd.com,support@lanyrd.com,support@lanyrd.com,support@lanyrd.com,support@lanyrd.com,support@sydex.net,support@sydex.net,support@sydex.net,support@sydex.net,support@sydex.net,support@sydex.net

krhodes@nasrecruitment.com&quot;,krhodes@nasrecruitment.com&quot;,krhodes@nasrecruitment.com&quot;,krhodes@nasrecruitment.com,krhodes@nasrecruitment.com,krhodes@nasrecruitment.com,white-34px@2x.png,white-34px@2x.png



info@focus-stl.org,info@focus-stl.org,info@focus-stl.org,--@@TELERIK_RAD_CODE_BLOCK_START@@-->,info@focus-stl.org,sitehelp@stltoday.com,sitehelp@stltoday.com,sitehelp@stltoday.com,beckyr@focus-stl.org.,beckyr@focus-stl.org.,sitehelp@stltoday.com,Nomoreliek@gmail.com,Nomoreliek@gmail.com,Nomoreliek@gmail.com,dennisdye1@aol.com

brooke@devonstowe.com,brooke@devonstowe.com,sehaam@devonstowe.com,brooke@devonstowe.com,sehaam@devonstowe.com,brooke@devonstowe.com,brooke@devonstowe.com,brooke@devonstowe.com,sehaam@devonstowe.com,sehaam@devonstowe.com,brooke@devonstowe.com,sehaam@devonstowe.com,support@lanyrd.com,support@lanyrd.com,support@lanyrd.com,support@lanyrd.com,support@lanyrd.com
c21319d0201741f3bc6afa5b4e3a6ede@app.getsentry.com,c21319d0201741f3bc6afa5b4e3a6ede@app.getsentry.com,,spokeo-logo@2x.png,bsgriffin@rainbow-media.com,Brittany.Griffin@usbank.com,email@example.com,email@example.com,person_1@2x.png,person_1@2x.png,person_1@2x-f474004d.png,person_2@2x.png,person_2@2x-6ef1dc6f.png,person_3@2x.png,person_3@2x-add2045c.png,person_4@2x.png,person_4@2x-c14402f2.png,person_5@2x.png,person_5@2x-22b86dfe.png,person_6@2x.png,person_6@2x-42876fe7.png,person_7@2x.png,person_7@2x-03556356.png,person_8@2x.png,person_8@2x-85d598e7.png,person_9@2x.png,person_9@2x-f1d1a775.png
Heard@Brown</a></td>,dpatterson22@wustl.edu,%20d%70%61%74%74%65%72%32@utk.edu,%20d%70%61%74%74%65%72%32@utk.edu,%20d%70%61%74%74%65%72%32@utk.edu,ONLINE@UT</a></li>,32@utk.edu
lizr@ecasavesenergy.org,lizr@ecasavesenergy.org,barbarad@ecasavesenergy.org,thomasf@ecasavesenergy.org,aletar@ecasavesenergy.org,stevel@ecasavesenergy.org,scottc@ecasavesenergy.org,cynthiao@ecasavesenergy.org,lizr@ecasavesenergy.org,barbarad@ecasavesenergy.org,thomasf@ecasavesenergy.org,aletar@ecasavesenergy.org,stevel@ecasavesenergy.org,scottc@ecasavesenergy.org,cynthiao@ecasavesenergy.org,Directorlizr@ecasavesenergy.orgBarbara,Directorlizr@ecasavesenergy.orgBarbara,Officerbarbarad@ecasavesenergy.orgVacancy,Developmentthomasf@ecasavesenergy.orgAleta,Directorlizr@ecasavesenergy.orgBarbara,Officerbarbarad@ecasavesenergy.orgVacancy,Developmentthomasf@ecasavesenergy.orgAleta,lizr@ecasavesenergy.org,lizr@ecasavesenergy.org,barbarad@ecasavesenergy.org,barbarad@ecasavesenergy.org,thomasf@ecasavesenergy.org,thomasf@ecasavesenergy.org,aletar@ecasavesenergy.org,aletar@ecasavesenergy.org,stevel@ecasavesenergy.org,stevel@ecasavesenergy.org,scottc@ecasavesenergy.org,scottc@ecasavesenergy.org,cynthiao@ecasavesenergy.org,cynthiao@ecasavesenergy.org
"com.zoominfo.component.data.person.Name@1d52c508"" />",jenny_green@baylorschool.org
+@[a-zA-Z0-9,BOnukwube@conocophillips.com,Ben.Onukwube@conocophillips.com,Ben@conocophillips.com,Ben_Onukwube@conocophillips.com.,email@conocophillips.com,brien@statefarm.com,brien@statefarm.com,Ben@statefarm.com,brien@statefarm.com.,email@statefarm.com,brien@deltachi.org,brien@deltachi.org,Ben@deltachi.org,brien@deltachi.org.,email@deltachi.org,clair@senior-systems.com,clair@senior-systems.com,Ben@senior-systems.com,clair@senior-systems.com.,email@senior-systems.com,RLance@conocophillips.com,Ryan.Lance@conocophillips.com,Ryan@conocophillips.com,Ryan_Lance@conocophillips.com.,email@conocophillips.com,AHirshberg@conocophillips.com,Al.Hirshberg@conocophillips.com,Al@conocophillips.com,Al_Hirshberg@conocophillips.com.,email@conocophillips.com,JSheets@conocophillips.com,Jeff.Sheets@conocophillips.com,Jeff@conocophillips.com,Jeff_Sheets@conocophillips.com.,email@conocophillips.com,tic@uark.edu,tic@uark.edu,tic@uark.edu,tic@uark.edu,tic@uark.edu,tic@uark.edu,support@sydex.net,support@sydex.net,support@sydex.net,support@sydex.net,support@sydex.net,support@sydex.net
support@sydex.net,support@sydex.net,support@sydex.net,support@sydex.net,support@sydex.net,support@sydex.net,Wolfgang.Sadee@osumc.edu,Wolfgang.Sadee@osumc.edu,Wolfgang.Sadee@osumc.edu,Wolfgang.Sadee@osumc.edu,Wolfgang.Sadee@osumc.edu,Wolfgang.Sadee@osumc.edu


+@[a-zA-Z0-9,VRainwater@amazon.com,Vena.Rainwater@amazon.com,Vena@amazon.com,Vena_Rainwater@amazon.com.,email@amazon.com,VRoongruangyot@fiserv.com,Vena.Roongruangyot@fiserv.com,Vena@fiserv.com,Vena_Roongruangyot@fiserv.com.,email@fiserv.com,JBezos@amazon.com,Jeffrey.Bezos@amazon.com,Jeffrey@amazon.com,Jeffrey_Bezos@amazon.com.,email@amazon.com,DPiacentini@amazon.com,Diego.Piacentini@amazon.com,Diego@amazon.com,Diego_Piacentini@amazon.com.,email@amazon.com,AJassy@amazon.com,Andrew.Jassy@amazon.com,Andrew@amazon.com,Andrew_Jassy@amazon.com.,email@amazon.com,support@sydex.net,support@sydex.net,support@sydex.net,support@sydex.net,support@sydex.net,support@sydex.net

+@[a-zA-Z0-9,JStruck@pioneer.com,Jennifer.Struck@pioneer.com,Jennifer@pioneer.com,Jennifer_Struck@pioneer.com.,email@pioneer.com,JS@acercanhelp.com,Jennifer.S@acercanhelp.com,Jennifer@acercanhelp.com,Jennifer_S@acercanhelp.com.,email@acercanhelp.com,JS@HVCPA.org,Jennifer.S@HVCPA.org,Jennifer@HVCPA.org,Jennifer_S@HVCPA.org.,email@HVCPA.org,JMuenzenberger@pioneer.com,John.Muenzenberger@pioneer.com,John@pioneer.com,John_Muenzenberger@pioneer.com.,email@pioneer.com,JForesman@pioneer.com,Joe.Foresman@pioneer.com,Joe@pioneer.com,Joe_Foresman@pioneer.com.,email@pioneer.com,JChism@pioneer.com,John.Chism@pioneer.com,John@pioneer.com,John_Chism@pioneer.com.,email@pioneer.com
anna@88solo.com,anna@88solo.com

mmosthof@yahoo.com,mmosthof@yahoo.com




hhswebhelp@purdue.edu,hhswebhelp@purdue.edu,hhswebhelp@purdue.edu,hhswebhelp@purdue.edu,hhswebhelp@purdue.edu,hhswebhelp@purdue.edu,hhswebhelp@purdue.edu,hhswebhelp@purdue.edu,hhswebhelp@purdue.edu,support@sydex.net,support@sydex.net,support@sydex.net,support@sydex.net,support@sydex.net,support@sydex.net


yourfriends@medium.com,yourfriends@medium.com,app_store_badge@2x.png,app_store_badge@2x.8bDQGNMm,app-devices@2x.png,app-devices@2x.Ewl5,google_play_badge@2x.png,google_play_badge@2x.iWEWlt5_Qj20rr79,heart@2x.png,heart@2x.qvCTX1XHNpntqxt01oypQw.png,response@2x.png,response@2x.xzKQM4FzSurAVkghLQQWkA.png
"com.zoominfo.component.data.person.Name@47ef2eec"" />",christopher.campellone@universumusa.com,kjohns53@illinois.edu,kjohns53@illinois.edu,kjohns53@illinois.edu,kjohns53@illinois.edu,mckinn@illinois.edu,mckinn@illinois.edu,ksanders@heritage.k12.il.us,ksanders@heritage.k12.il.us,ksanders@heritage.k12.il.us</a>&gt; .  Affirmative Action/Equal</p>,srdean@illinois.edu,niekerk@illinois.edu,sheft@illinois.edu,elmorley@illinois.edu,phughes@noblenetwork.org,mckinn@illinois.edu,ksanders@heritage.k12.il.us,ksanders@heritage.k12.il.us,ksanders@heritage.k12.il.us</a>&gt; .  Affirmative Action/Equal</p>,srdean@illinois.edu,niekerk@illinois.edu,sheft@illinois.edu,elmorley@illinois.edu,phughes@noblenetwork.org,kjohns53@illinois.edu,kjohns53@illinois.edu,kjohns53@illinois.edu,kjohns53@illinois.edu,kjohns53@illinois.edu,mccastr2@illinois.edu,kjohns53@illinois.edu,kjohns53@illinois.edu,mckinn@illinois.edu,mckinn@illinois.edu,kjohns53@illinois.edu,kjohns53@illinois.edu,ksanders@heritage.k12.il.us,ksanders@heritage.k12.il.us,ksanders@heritage.k12.il.us,ksanders@heritage.k12.il.us,kjohns53@illinois.edu,kjohns53@illinois.edu,srdean@illinois.edu,srdean@illinois.edu,kjohns53@illinois.edu,kjohns53@illinois.edu,niekerk@illinois.edu,niekerk@illinois.edu,kjohns53@illinois.edu,kjohns53@illinois.edu,sheft@illinois.edu,sheft@illinois.edu,kjohns53@illinois.edu,kjohns53@illinois.edu,kjohns53@illinois.edu,kjohns53@illinois.edu,elmorley@illinois.edu,elmorley@illinois.edu,parrish4@illinois.edu,parrish4@illinois.edu,phughes@noblenetwork.org,phughes@noblenetwork.org,,Barbara.lindquist@scheller.gatech.edu,Lindsey@lindseypollak.com
Icon@2x.png,Icon@2x.png,Icon-72@2x.png,info@hbanet.org,info@hbanet.org,das.webmaster@ct.gov,das.webmaster@ct.gov,das.webmaster@ct.gov,das.webmaster@ct.gov,das.webmaster@ct.gov
adrienne@truesearch.com,adrienne@truesearch.com,aisling@truesearch.com,ali@truesearch.com,andrew@truesearch.com,ann@truesearch.com,ashley@thetruecapital.com,ben@truesearch.com,brad@truesearch.com,brian@truesearch.com,bruce@truesearch.com,caitlin@truesearch.com,channa@truesearch.com,charis@truesearch.com,christian@truesearch.com,danielle@truesearch.com,dela@truesearch.com,edith@truesearch.com,elizabeth@truesearch.com,emily@truesearch.com,eva@truesearch.com,gerard@truesearch.com,hnisenfeld@truesearch.com,heather@truesearch.com,helen@truesearch.com,jj@truesearch.com,Jackie@truesearch.com,jared@truesearch.com,jennifer@truesearch.com,jriley@truesearch.com,jmolinelli@truesearch.com,joe@truesearch.com,josh@truesearch.com,julie@truesearch.com,kelli@truesearch.com,kbijas@truesearch.com,kevin@truesearch.com,kim@truesearch.com,kimberly@truesearch.com,lauren@truesearch.com,leighann@truesearch.com,lknapp@truesearch.com,madeleine@truesearch.com,maelys@truesearch.com,mark@truesearch.com,mj@truesearch.com,mdempsey@truesearch.com,matt@truesearch.com,megan@truesearch.com,melanie@truesearch.com,nick@truesearch.com,pat@truesearch.com,patrick@truesearch.com,rhoda@truesearch.com,rickf@truesearch.com,rick@truesearch.com,sam@truesearch.com,sean@truesearch.com,sturner@truesearch.com,shawn@truesearch.com,teague@truesearch.com,thomas@truesearch.com,tim@truesearch.com,todd@truesearch.com,ginny@truesearch.com,william@truesearch.com,adrienne@truesearch.com,aisling@truesearch.com,ali@truesearch.com,andrew@truesearch.com,ann@truesearch.com,ashley@thetruecapital.com,ben@truesearch.com,brad@truesearch.com,brian@truesearch.com,bruce@truesearch.com,caitlin@truesearch.com,channa@truesearch.com,charis@truesearch.com,christian@truesearch.com,danielle@truesearch.com,dela@truesearch.com,edith@truesearch.com,elizabeth@truesearch.com,emily@truesearch.com,eva@truesearch.com,gerard@truesearch.com,hnisenfeld@truesearch.com,heather@truesearch.com,helen@truesearch.com,jj@truesearch.com,Jackie@truesearch.com,jared@truesearch.com,jennifer@truesearch.com,jriley@truesearch.com,jmolinelli@truesearch.com,joe@truesearch.com,josh@truesearch.com,julie@truesearch.com,kelli@truesearch.com,kbijas@truesearch.com,kevin@truesearch.com,kim@truesearch.com,kimberly@truesearch.com,lauren@truesearch.com,leighann@truesearch.com,lknapp@truesearch.com,madeleine@truesearch.com,maelys@truesearch.com,mark@truesearch.com,mj@truesearch.com,mdempsey@truesearch.com,matt@truesearch.com,megan@truesearch.com,melanie@truesearch.com,nick@truesearch.com,pat@truesearch.com,patrick@truesearch.com,rhoda@truesearch.com,rickf@truesearch.com,rick@truesearch.com,sam@truesearch.com,sean@truesearch.com,sturner@truesearch.com,shawn@truesearch.com,teague@truesearch.com,thomas@truesearch.com,tim@truesearch.com,todd@truesearch.com,ginny@truesearch.com,william@truesearch.com,adrienne@truesearch.com,adrienne@truesearch.com,aisling@truesearch.com,ali@truesearch.com,andrew@truesearch.com,ann@truesearch.com,ashley@thetruecapital.com,ben@truesearch.com,brad@truesearch.com,brian@truesearch.com,bruce@truesearch.com,caitlin@truesearch.com,channa@truesearch.com,charis@truesearch.com,christian@truesearch.com,danielle@truesearch.com,dela@truesearch.com,edith@truesearch.com,elizabeth@truesearch.com,emily@truesearch.com,eva@truesearch.com,gerard@truesearch.com,hnisenfeld@truesearch.com,heather@truesearch.com,helen@truesearch.com,jj@truesearch.com,Jackie@truesearch.com,jared@truesearch.com,jennifer@truesearch.com,jriley@truesearch.com,jmolinelli@truesearch.com,joe@truesearch.com,josh@truesearch.com,julie@truesearch.com,kelli@truesearch.com,kbijas@truesearch.com,kevin@truesearch.com,kim@truesearch.com,kimberly@truesearch.com,lauren@truesearch.com,leighann@truesearch.com,lknapp@truesearch.com,madeleine@truesearch.com,maelys@truesearch.com,mark@truesearch.com,mj@truesearch.com,mdempsey@truesearch.com,matt@truesearch.com,megan@truesearch.com,melanie@truesearch.com,nick@truesearch.com,pat@truesearch.com,patrick@truesearch.com,rhoda@truesearch.com,rickf@truesearch.com,rick@truesearch.com,sam@truesearch.com,sean@truesearch.com,sturner@truesearch.com,shawn@truesearch.com,teague@truesearch.com,thomas@truesearch.com,tim@truesearch.com,todd@truesearch.com,ginny@truesearch.com,william@truesearch.com,philly@girldevelopit.com,philly@girldevelopit.com,philly@girldevelopit.com,Icon-60pt@2x.png,Icon-60pt@2x.png,Icon-60pt@2x.png,Icon-iPad-76pt@2x.png,philly@girldevelopit.com
+@[a-zA-Z0-9,JKrohn@google.com,Jaclyn.Krohn@google.com,Jaclyn@google.com,Jaclyn_Krohn@google.com.,email@google.com,JKabazie@homeoftheinnocents.org,Jaclyn.Kabazie@homeoftheinnocents.org,Jaclyn@homeoftheinnocents.org,Jaclyn_Kabazie@homeoftheinnocents.org.,email@homeoftheinnocents.org,JKabble@fancyfilm.com,Jaclyn.Kabble@fancyfilm.com,Jaclyn@fancyfilm.com,Jaclyn_Kabble@fancyfilm.com.,email@fancyfilm.com,JKachele@ulalaunch.com,Jaclyn.Kachele@ulalaunch.com,Jaclyn@ulalaunch.com,Jaclyn_Kachele@ulalaunch.com.,email@ulalaunch.com,AChang@google.com,Andrew.Chang@google.com,Andrew@google.com,Andrew_Chang@google.com.,email@google.com,GSpencer@google.com,Graham.Spencer@google.com,Graham@google.com,Graham_Spencer@google.com.,email@google.com,DDrummond@google.com,David.Drummond@google.com,David@google.com,David_Drummond@google.com.,email@google.com,marjorie.howard@tufts.edu,marjorie.howard@tufts.edu,marjorie.howard@tufts.edu,marjorie.howard@tufts.edu,marjorie.howard@tufts.edu,marjorie.howard@tufts.edu
info@ghochdu.com,info@ghochdu.com,E0-001-073846238-0@2014081301' rel='external nofollow' class='url'>genuine hunting</a></cite>,D.Err.I.C.Ktcfh@werraofsakina.free.fr,Guillermo.Forehand@werraofsakina.free.fr,sp.h.e.r.ic.al.j.w.yo@geeks2go4u.com,P.U.N.I.Sh.B.B.E.K@werraofsakina.free.fr,guillermo.Forehand@werraofsakina.free.fr,R.Ou.T.Etre.Mmom.P@werraofsakina.free.fr,www.Camuflagens@werraofsakina.free.fr,A.ppa.ren.t.f.y.n.q@werraofsakina.free.fr,e.c.Osyst.em.k.a.e.s@werraofsakina.free.fr,guillermo.forehand@werraofsakina.free.fr,adam@eve.com,adam@eve.com,C.hrist.i.namarcus81@test.lasergun.nl,C.hrist.i.namarcus81@test.lasergun.nl,h.umb.l.e.lh.ss@asnovinhasgostosas.com,info@ghochdu.com,info@ghochdu.com
cheryl.batleman@ngc.com,cheryl.batleman@ngc.com,cheryl.batleman@ngc.com





+@[a-zA-Z0-9,TSoto@aetna.com,Thomas.Soto@aetna.com,Thomas@aetna.com,Thomas_Soto@aetna.com.,email@aetna.com,TS@niit-tech.com,Thomas.S@niit-tech.com,Thomas@niit-tech.com,Thomas_S@niit-tech.com.,email@niit-tech.com,TS@xo.com,Thomas.S@xo.com,Thomas@xo.com,Thomas_S@xo.com.,email@xo.com,TS.@bentonandparker.com,Thomas.S.@bentonandparker.com,Thomas@bentonandparker.com,Thomas_S.@bentonandparker.com.,email@bentonandparker.com,MBertolini@aetna.com,Mark.Bertolini@aetna.com,Mark@aetna.com,Mark_Bertolini@aetna.com.,email@aetna.com,WCasazza@aetna.com,William.Casazza@aetna.com,William@aetna.com,William_Casazza@aetna.com.,email@aetna.com,GSpann@aetna.com,Gretchen.Spann@aetna.com,Gretchen@aetna.com,Gretchen_Spann@aetna.com.,email@aetna.com
kwheeler@glresources.com,kwheeler@glresources.com,kwheeler@glresources.com,kwheeler@glresources.com,kwheeler@glresources.com,kwheeler@glresources.com,wordpress@4.2.3,alumni@umd.edu,alumni@umd.edu,alumni@umd.edu,alumni@umd.edu,alumni@umd.edu,alumni@umd.edu,alumni@umd.edu,alumni@umd.edu,crimelab@uchicago.edu,crimelab@uchicago.edu


tmlassociates@hotmail.com,tmlassociates@hotmail.com

bjh@careertransllc.com,bjh@careertransllc.com,bjh@careertransllc.com,support@sydex.net,support@sydex.net,support@sydex.net,support@sydex.net,support@sydex.net,support@sydex.net


support@sydex.net,support@sydex.net,support@sydex.net,support@sydex.net,support@sydex.net,support@sydex.net,support@sydex.net,support@sydex.net,support@sydex.net,"ma@ at Hometown Marketing Group,",support@sydex.net,support@sydex.net,support@sydex.net,support@sydex.net,support@sydex.net,support@sydex.net,support@sydex.net,support@sydex.net,support@sydex.net,support@sydex.net,support@sydex.net,support@sydex.net,support@sydex.net,support@sydex.net,support@sydex.net,support@sydex.net,support@sydex.net,support@sydex.net,support@sydex.net,support@sydex.net,support@sydex.net,support@sydex.net,support@sydex.net,support@sydex.net,support@sydex.net,support@sydex.net
support@sydex.net,support@sydex.net,support@sydex.net,support@sydex.net,support@sydex.net,support@sydex.net,apple-touch-icon-60x60@2x.png,apple-touch-icon-60x60@2x.png,apple-touch-icon-76x76@2x.png

ALYSIAGORE400@gmail.com,ALYSIAGORE400@gmail.com,acp2nk@r.postjobfree.com,acp2nk@r.postjobfree.com,acp2nk@r.postjobfree.com

glo.blue@drmconline.com...,glo.blue@drmconline.com...

